<?xml version="1.0" encoding="UTF-8"?>
<project-private xmlns="http://www.netbeans.org/ns/project-private/1">
    <editor-bookmarks xmlns="http://www.netbeans.org/ns/editor-bookmarks/2" lastBookmarkId="0"/>
    <open-files xmlns="http://www.netbeans.org/ns/projectui-open-files/2">
        <group>
            <file>file:/E:/UCF/2%20Spring%202015/CAP5512/Homework%203/GAHW3/GAHW3/src/IPD/PrisonersDilemma.java</file>
            <file>file:/E:/UCF/2%20Spring%202015/CAP5512/Homework%203/GAHW3/GAHW3/src/GA/Search.java</file>
            <file>file:/E:/UCF/2%20Spring%202015/CAP5512/Homework%203/GAHW3/GAHW3/src/IPD/StrategyAlwaysDefect.java</file>
            <file>file:/E:/UCF/2%20Spring%202015/CAP5512/Homework%203/GAHW3/GAHW3/src/IPD/Strategy.java</file>
            <file>file:/E:/UCF/2%20Spring%202015/CAP5512/Homework%203/GAHW3/GAHW3/src/GA/Chromo.java</file>
            <file>file:/E:/UCF/2%20Spring%202015/CAP5512/Homework%203/GAHW3/GAHW3/src/IPD/IteratedPD.java</file>
            <file>file:/E:/UCF/2%20Spring%202015/CAP5512/Homework%203/GAHW3/GAHW3/src/IPD/StrategyWanwanLi.java</file>
            <file>file:/E:/UCF/2%20Spring%202015/CAP5512/Homework%203/GAHW3/GAHW3/src/IPD/RunIPD.java</file>
            <file>file:/E:/UCF/2%20Spring%202015/CAP5512/Homework%203/GAHW3/GAHW3/src/IPD/StrategyGoldbeck.java</file>
            <file>file:/E:/UCF/2%20Spring%202015/CAP5512/Homework%203/GAHW3/GAHW3/src/GA/GoldbeckIPDFitnessFunction.java</file>
            <file>file:/E:/UCF/2%20Spring%202015/CAP5512/Homework%203/GAHW3/GAHW3/src/IPD/StrategyTitForTat.java</file>
        </group>
    </open-files>
</project-private>
